path,sha256,note
fixtures/raw/femoSeaList_d1_sea_1790125803677.json,8bd7f6de76b11cd3e46af1526152058e31516d8cd6e8618fb6b58cd4b4bcfbaf,
fixtures/raw/femoSeaList_f1_1790125811495.json,b178284b2cbd05229f62cef342fc0d2c2e96baa9da2a8aca374525dc744a1f63,
fixtures/raw/femoSeaList_f2_m00_1790125813337.json,3dc7b09783e5654ad407d7391f9303847e4991dfbec178b713e709bb0ba8bbab,
fixtures/raw/femoSeaList_f2_m01_1790125814096.json,e7473bbb0e19bab3fac1531c0d141e394f5fb5421fcea2e1aa239e630b422e4d,
fixtures/raw/femoSeaList_f2_m02_1790125814852.json,f2b87ba2230614fb45ea6d79416b3c45866b525d840272eb1608f3f876666b69,
fixtures/raw/femoSeaList_f2_m03_1790125815618.json,22b02f0af0de17c6f087121550406fe29e449a8a267c75fe18162e7ae6aa7116,
fixtures/raw/femoSeaList_f2_m04_1790125816374.json,fb8edb5124914075ebf4076e62f6742c8dc16499ba369000075688a2b503ce4e,
fixtures/raw/femoSeaList_f2_m05_1790125817129.json,d80e2c4f06624740c346292d8adf49bee9b6f79c9e40616a438055652df24de5,
fixtures/raw/femoSeaList_f2_m06_1790125817913.json,440255035e863bbe75972be3562a5e40594518b167053fe8f671a1c6a51e0965,
fixtures/raw/femoSeaList_f2_m07_1790125818655.json,388eb32871151e47ac27f43a1434878f90e2e10ee875baf614218b7768c33acb,
fixtures/raw/femoSeaList_f2_m08_1790125819413.json,50664921135a6157fe829c6df9a6a8317a8178ec8a55465e5b3d92f6126deff1,
fixtures/raw/femoSeaList_f2_m09_1790125820173.json,c927c8675eb4299b8f85cbdcc84ac6add9e79096ea31670c63db9bdd72217833,
fixtures/raw/femoSeaList_f2_m10_1790125820944.json,3f55c1f476bd0667b5729aa6d8c9c3cead04195881d2204d52cc222d62e0e34f,
fixtures/raw/femoSeaList_f2_m11_1790125821748.json,1a5f0dcae8ce06a46e45211f81388a01eae6bc3b5beb1c7ec82f7b6747852045,
fixtures/raw/femoSeaList_f2_single_1790125812564.json,bc5fc00eb48f2cc200e1fb9da6e6da31a1cf6c84ffe9c1d50ea5e09bae0da3b2,
fixtures/raw/femoSeaList_f3_2023_1790125822697.json,25ab42099f5b793efe911572fb80e711dedc3bf52bcc609be76f9de669667531,
fixtures/raw/femoSeaList_f3_2024_1790125823628.json,df781bf00ca9ac0fd9ed28b5f15077f11021d7e975f112dfa8dd9932d05a4cc9,
fixtures/raw/femoSeaList_f3_2025_1790125824579.json,2ac804a762843ff064f31b5606e8028dd5ac8449614c67e674f819a9bccbe19d,
fixtures/raw/redtideList_r1_1790125808264.json,fd279f44714c0904bdac304404eab15c1a8742c56778171b087d1c976032b2f4,
fixtures/raw/redtideList_r3_1790125809859.json,bc5d9aa77357ad2fdbb3a2e7115a9b57cf9a8dc4cc4b1ba0af58699c167c682e,
fixtures/raw/sooList_depth_20260923_1790131611836.json,ff6ffd1e5447f4e4cb0217436ed385c49575de31bf25c6efa55d58235cb67db4,
fixtures/derived/stations.csv,84ebe39f25c85418a39165965ff58e7afdd34a3c0b9b8678e0ea132430468b58,F12/P1 조위관측소 좌표 마스터
fixtures/derived/observations.csv [external:$SRC_IDW/output/observations.csv],bec5d254c8c2de40347b35a9857dc23593b87e99648f68097e7f26be065f5126,F11 dtRecent 90일 가공CSV — 저장소 밖 CI 게이트 밖
fixtures/raw/C1D_p0_c1d_1790148158119.json,43db15af66971751a5476a4368a8d33c09d7784e69928370dea8903b057ef057,스키마 계열-공단JSON. 기대: OK
fixtures/raw/C2_p0_c2_1790148160500.json,ee80516846fe1fe9177c6ef206ed2d9511e8a028988bd2701af02cd26ef1e1da,스키마 계열-해수부XML. 기대: OK
fixtures/raw/C5_p4_2024_1790148238792.json,6d07bb2a5d95f2ab87ac62bcc04933b5179dda67f5edd6c773c085059e5c3172,스키마 계열-공단XML P4 2024. 기대: OK
fixtures/raw/C5_p4_2025_1790148239887.json,77b28862594958d11821cffa54c977b1c49129778e91d6fa3e74deab4d325a38,스키마 계열-공단XML P4 2025. 기대: OK
fixtures/synthetic/farms.csv,01bba95365c2a9896184ed1a0b85d8ce80a6a74b0d8852e9059081012b3b6944,합성 양식장 — area_id 포함 (A3 시드 테스트용)
